"","sum_sq","df","f_value","pr_f"
"stt",0.120804598999158,1,3.34705032731274,0.0797768572875514
"tourist_season",0.0163818576734187,1,0.453880916306745,0.506934734553529
"stt:tourist_season",0.037547710106002,1,1.04030870050745,0.31792177829219
"Residuals",0.86622849746857,24,NA,NA
