"","sum_sq","df","f_value","pr_f"
"stt",0.255424059088892,1,1.05819530092786,0.313883561541919
"tourist_season",0.0585605007911747,1,0.242610061786063,0.626803326944008
"stt:tourist_season",0.124738086895468,1,0.516776915496347,0.479161115707964
"Residuals",5.79304917793368,24,NA,NA
