"","sum_sq","df","f_value","pr_f"
"stt",0.110188392629402,1,3.7480350539842,0.0647333519966069
"tourist_season",0.00532484433680858,1,0.181123462781527,0.674201663040769
"stt:tourist_season",0.00174500386865817,1,0.0593559404307317,0.809587300238704
"Residuals",0.705575424193136,24,NA,NA
