"elements","tourist_season","mean_ratio_centralized","mean_ratio_decentralized","sd_ratio_centralized","sd_ratio_decentralized","cv_ratio_centralized","cv_ratio_decentralized"
"carbon_nitrogen","In Season",17.1447324214943,21.6034548698502,2.12445873159406,4.75452913932775,0.1239132043222,0.22008188819665
"carbon_nitrogen","Out of Season",17.9951281927757,21.6270193558771,3.28438183875295,2.10414231318939,0.182515056495763,0.0972922934300512
"carbon_phosphorus","In Season",1054.71477460805,1095.48340316863,1301.64568282259,928.904898920714,1.23412102888793,0.847940640847593
"carbon_phosphorus","Out of Season",459.827524275117,1023.07387818229,109.752792011793,572.280560076329,0.238682519461639,0.559373640829447
"nitrogen_phosphorus","In Season",67.5045040353162,52.3638705582016,89.8763510399508,43.838524390102,1.33141265644927,0.837190297867232
"nitrogen_phosphorus","Out of Season",26.5517138103543,49.1948407540462,10.9451156184237,32.1477876725258,0.412218800511306,0.653478844118053
