"","sum_sq","df","f_value","pr_f"
"stt",0.219352663166016,1,2.69541998176291,0.113677683262068
"tourist_season",0.212502069922913,1,2.61123944049266,0.119179644026834
"stt:tourist_season",0.0118494492722305,1,0.145606813613579,0.706127038163856
"Residuals",1.95311452449099,24,NA,NA
